"1","286961","Rian","1090.96962","10","7","70.00000","1"
"2","2142123","NoWyre","1005.77619","6","3","50.00000","1"
"3","3136711","Craker","1072.37909","15","10","66.66667","1"
"4","3136290","cozy!","1198.16955","47","34","72.34043","1"
"5","276943","WeedCowboy69","1156.61547","24","17","70.83333","1"
"6","1741460","Fallzei","1030.53396","5","3","60.00000","1"
"7","3141830","Jumbaba","1157.23640","7","7","100.00000","1"
"8","904279","pal","1000.00000","18","8","44.44444","1"
"9","3135996","candyCardiology","1065.79594","21","12","57.14286","1"
"10","3137197","p4nd0ran","1000.09776","16","9","56.25000","1"
"11","2060191","Xenix","1064.11798","7","5","71.42857","1"
"12","3020850","P.M","1075.73842","8","6","75.00000","1"
"13","2581607","FormagDrung","1019.83954","30","14","46.66667","1"
"14","137916","Falconer","1047.32823","6","4","66.66667","1"
"15","11668","syn","1013.04636","7","4","57.14286","1"
"16","3143693","MilkMannerism","1044.54136","21","11","52.38095","1"
"17","1670496","Nevan Nedall","1015.44378","9","5","55.55556","1"
"18","33346","Big Tier","1007.82226","4","2","50.00000","1"
"19","3137209","Kyezzer Aojera","1007.68190","4","2","50.00000","1"
"20","3135704","Hidari","1000.00000","7","3","42.85714","1"
"21","2577546","Greeetaku","1034.00741","5","3","60.00000","1"
"22","3137073","ITWCB","1072.29779","27","15","55.55556","1"
"23","3136012","Umbrella","1033.44948","5","3","60.00000","1"
"24","3137324","Griddy master","1003.44673","8","4","50.00000","1"
"25","3143778","goshawksonlyfly","1022.91641","4","2","50.00000","1"
"26","3137261","Joel Happyhil","1018.36336","4","2","50.00000","1"
"27","1115351","Wiley","1022.28833","7","4","57.14286","1"
"28","3135805","farthead2012trapking","1000.00000","3","1","33.33333","1"
"29","2921584","Steven4547466","1000.00000","4","2","50.00000","1"
"30","279488","len","1000.92153","4","2","50.00000","1"
"31","3136246","Trox","1000.00000","8","4","50.00000","1"
"32","3136419","Nalu","1000.00000","8","2","25.00000","1"
"33","3136794","devils","1000.38400","2","1","50.00000","1"
"34","3136855","Kunai","1000.00000","3","1","33.33333","1"
"35","3137255","Qilyn","1000.00000","2","0","0.00000","1"
"36","3138661","Jenny Death","1000.00000","4","1","25.00000","1"
"37","3136773","TCorvy","1000.00000","3","1","33.33333","1"
"38","3136856","jayming","1000.00000","2","0","0.00000","1"
"39","2152847","Aubrey","1000.00000","3","1","33.33333","1"
"40","3139277","VineRaio","1271.32385","230","150","65.21739","1"
"41","2902007","GrimmShane","1000.00000","3","1","33.33333","1"
"42","3137116","HiImWater","1000.00000","3","1","33.33333","1"
"43","3142789","shadostriker","1000.00000","3","0","0.00000","1"
"44","3143805","JayMehKay","1000.00000","2","0","0.00000","1"
"45","581175","Fardin","1011.39071","3","1","33.33333","1"
"46","2309950","Floub","1062.59071","32","18","56.25000","1"
"47","48260","KuroUsagi","1000.00000","2","0","0.00000","1"
"48","3136534","Mr_Goon","1000.00000","2","0","0.00000","1"
"49","3137251","ljstuff","1000.00000","2","0","0.00000","1"
"50","3137071","Femboy","1000.00000","2","0","0.00000","1"
"51","3137233","maramori","1000.00000","2","0","0.00000","1"
"52","979990","Jomm","1000.00000","3","0","0.00000","1"
"53","3136847","SuiteSuit","1000.00000","2","0","0.00000","1"
"54","3138636","Danafall","1000.00000","2","0","0.00000","1"
"55","1959562","Sirracha","1000.00000","2","0","0.00000","1"
"56","3137184","SmokeySmokey","1000.00000","2","0","0.00000","1"
"57","3136286","MrTipins","1000.00000","2","0","0.00000","1"
"58","3136723","Saint","1000.00000","1","0","0.00000","1"
"59","3143608","Yokai","1000.00000","1","0","0.00000","1"
"60","3141814","Pulk","1000.00000","1","0","0.00000","1"
"61","3137271","Miyuukitzune","1000.00000","1","0","0.00000","1"
"64","1460562","Belter","1051.09383","6","4","66.66667","1"
"65","3136757","ADCTaco","1036.80082","99","50","50.50505","1"
"66","139897","Evil Panda","1111.01545","16","11","68.75000","1"
"67","856422","shen","1144.97602","23","16","69.56522","1"
"68","1901807","AnAwesomeDudette","1267.42904","139","94","67.62590","1"
"69","3142474","Elucard","1490.10230","209","176","84.21053","1"
"70","3021462","IHouMI","1099.86813","24","16","66.66667","1"
"71","3143728","Turborata","1171.01719","171","104","60.81871","1"
"72","3155826","casual joe","1048.47908","14","8","57.14286","1"
"73","2157669","Para","1040.91620","13","7","53.84615","1"
"74","3147711","Kona","1000.00000","4","2","50.00000","1"
"75","3140402","Piptro","1009.78717","2","1","50.00000","1"
"76","3148562","Bito","1000.00000","1","0","0.00000","1"
"77","3148644","Reiki","1000.00000","1","0","0.00000","1"
"78","3148374","Fritos","1009.41629","2","1","50.00000","1"
"79","3148440","RetroDot","1132.01455","10","7","70.00000","1"
"80","3147640","Spring","1001.09175","6","3","50.00000","1"
"81","3142654","ItsMiikii","1000.49641","2","1","50.00000","1"
"82","12115","The Fix","1020.90817","3","2","66.66667","1"
"83","3147716","Ghoast","1021.25887","18","9","50.00000","1"
"84","3147731","X2XP","1000.00000","1","0","0.00000","1"
"85","3155366","brubsby","1023.12498","11","6","54.54545","1"
"86","3143756","Ponper","1009.44368","2","1","50.00000","1"
"87","3147773","Arson!st","1026.52849","35","16","45.71429","1"
"88","1200568","biznut","1000.00000","1","0","0.00000","1"
"89","2359262","seanpluto","1000.00000","2","0","0.00000","1"
"90","3147792","Degritone","1120.23092","47","28","59.57447","1"
"91","1100605","Vecho","1000.00000","2","1","50.00000","1"
"92","3147732","Ovocny","1000.00000","1","0","0.00000","1"
"93","2975797","avon","1123.10583","186","103","55.37634","1"
"94","2348093","Contaminate","1009.76138","8","2","25.00000","1"
"95","904350","HealsGood","1000.00000","1","0","0.00000","1"
"96","3147902","Elaste","1175.53156","82","49","59.75610","1"
"97","1873819","Ediot","1000.00000","1","0","0.00000","1"
"98","3155802","DISSIDIA","1008.77298","2","1","50.00000","1"
"99","3147919","CordysGarden","1000.00000","3","0","0.00000","1"
"100","3147879","Funyarinpa","1009.80149","2","1","50.00000","1"
"101","3156061","Gamer01","1009.79498","2","1","50.00000","1"
"102","3155440","Sinnamonsters","1000.00000","6","2","33.33333","1"
"103","3155236","Wulfsie","1000.00000","1","0","0.00000","1"
"104","2931182","Shrimp","1012.03495","2","1","50.00000","1"
"105","3143441","Maffu","1000.00000","1","0","0.00000","1"
"106","53023","Kyoki","1011.37772","3","1","33.33333","1"
"107","3147060","ReclusiveRobot","1036.27660","150","60","40.00000","1"
"108","3147718","San Sundertail","1024.00000","1","1","100.00000","1"
"109","3101850","GDtornado","1000.00000","1","0","0.00000","1"
"110","3144976","Mrlordsaif","1000.00000","1","0","0.00000","1"
"111","3156048","Bbh Crafty","1000.00000","1","0","0.00000","1"
"112","3148061","Sharktale On DVD","1000.00000","1","0","0.00000","1"
"113","2349696","Metafire","1093.22268","15","9","60.00000","1"
"114","3147715","Cpt. Captain","1000.00000","1","0","0.00000","1"
"115","3143469","ShuckRaxT","1007.99153","5","2","40.00000","1"
"116","3147713","Supa","1000.00000","1","0","0.00000","1"
"117","3156029","bareky","1000.00000","1","0","0.00000","1"
"118","3156030","Vodacera","1000.00000","1","0","0.00000","1"
"127","3160729","TROOP","1245.54863","114","76","66.66667","1"
"128","3160449","Rainbow","1033.18539","5","3","60.00000","1"
"129","3147710","octo doggo","1189.06612","256","173","67.57813","1"
"130","3160868","Zardans","1000.00000","3","1","33.33333","1"
"131","1915569","Fischnt","1010.48595","3","1","33.33333","1"
"132","2123159","c lamiti","1011.63112","3","1","33.33333","1"
"133","3160813","meatcube","1014.25652","10","3","30.00000","1"
"134","31837","Orange Juice","1000.00000","2","0","0.00000","1"
"135","3152687","Miriyo","1019.46185","10","5","50.00000","1"
"142","3163925","Nobu ///","1033.72411","3","2","66.66667","1"
"143","368315","junk lion","1009.65186","2","1","50.00000","1"
"144","3163750","Bruher","1012.19200","2","1","50.00000","1"
"145","3137399","Not You","1165.69288","25","17","68.00000","1"
"146","3160237","palci veerom","1162.11973","31","19","61.29032","1"
"147","3149816","Lucas9w9","1001.93179","2","1","50.00000","1"
"148","3162779","Kaisar","1019.68706","3","1","33.33333","1"
"149","353180","CB","1031.74539","5","3","60.00000","1"
"150","3161453","hiraethval","1046.76783","60","32","53.33333","1"
"151","3155855","lemon","1000.00000","1","0","0.00000","1"
"152","3160807","Alwodan","1054.18205","6","4","66.66667","1"
"153","3007620","Drakzia","1154.53513","151","88","58.27815","1"
"154","612601","gibi","1000.00000","1","0","0.00000","1"
"155","3160956","xGalaxy","1141.00925","136","77","56.61765","1"
"156","3149846","UltraSomeone125","1009.85053","15","7","46.66667","1"
"157","1683313","Iceswing","1003.00638","2","1","50.00000","1"
"158","3160851","Pudgypoultry","1043.38989","6","4","66.66667","1"
"159","807314","Crow","1012.19200","2","1","50.00000","1"
"160","3160866","Lagos_com_Patos","1000.00000","1","0","0.00000","1"
"161","3147726","Gohl","1000.00000","1","0","0.00000","1"
"162","3161407","SGplaysIt","1024.86344","6","3","50.00000","1"
"163","3163663","JazzyTheNinja","1007.43113","2","1","50.00000","1"
"164","2571786","AgguBaggu","1000.00000","5","2","40.00000","1"
"165","3160873","qwertyy","1000.00000","1","0","0.00000","1"
"166","2336395","Joser","1012.40637","2","1","50.00000","1"
"167","3156024","TDNerd","1000.00000","1","0","0.00000","1"
"168","3160808","Izuna","1000.00000","1","0","0.00000","1"
"169","3161810","steeleater","1008.27535","2","1","50.00000","1"
"170","3161806","GoatAttack","1017.16792","3","1","33.33333","1"
"171","1003156","catsoop","1010.64303","2","1","50.00000","1"
"172","3160804","magoo","1000.00000","1","0","0.00000","1"
"173","3164767","WootThereItIs","1000.00000","1","0","0.00000","1"
"174","196478","Tai","1000.00000","1","0","0.00000","1"
"175","3163716","Supergreen","1008.85326","2","1","50.00000","1"
"176","1080585","SKR","1000.00000","1","0","0.00000","1"
"177","3160940","Saga","1000.00000","1","0","0.00000","1"
"178","2219326","Flowerboy","1000.00000","1","0","0.00000","1"
"179","3161514","KingCrymsonVEVO","1000.00000","1","0","0.00000","1"
"180","3163073","Zuto","1000.00000","1","0","0.00000","1"
"181","3150823","CockGobbler","1000.00000","1","0","0.00000","1"
"182","3160867","Zairei","1035.19273","9","4","44.44444","1"
"183","3151896","ITSHEADSHOT","1000.00000","1","0","0.00000","1"
"184","3121021","uwo","1000.00000","1","0","0.00000","1"
"185","3161111","SolFlora","1009.34443","4","2","50.00000","1"
"186","2088840","Menshir","1000.00000","1","0","0.00000","1"
"187","2263814","BtmTier","1000.00000","2","1","50.00000","1"
"188","2007426","Melody","1323.46720","332","221","66.56627","1"
"189","3162362","RossMellow#6787","1000.00000","2","0","0.00000","1"
"190","3157553","juliem","1000.00000","1","0","0.00000","1"
"191","3162770","Nexterday","1000.00000","1","0","0.00000","1"
"192","3112129","Xamora","1000.00000","1","0","0.00000","1"
"193","3155056","Cheese","1059.06356","7","4","57.14286","1"
"194","3163227","leykeyhai","1011.56641","2","1","50.00000","1"
"195","3147878","davidpuralocura","1025.30269","171","80","46.78363","1"
"196","3154834","Keluna","1000.86855","4","1","25.00000","1"
"197","3159807","Flipside","1000.00000","16","3","18.75000","1"
"198","206423","AKIzumi","1000.00000","1","0","0.00000","1"
"199","3150876","kalenowhat","1000.00000","1","0","0.00000","1"
"200","3161277","Firiko","1000.00000","1","0","0.00000","1"
"201","3161154","Startup001","1000.00000","1","0","0.00000","1"
"202","3161165","dmpo","1000.00000","1","0","0.00000","1"
"203","3162256","ninty","1000.00000","1","0","0.00000","1"
"204","3163630","Chef_Planchoba","1000.00000","1","0","0.00000","1"
"205","3161209","Chromatic","1000.00000","1","0","0.00000","1"
"206","1295799","GubbyBee","1000.00000","1","0","0.00000","1"
"207","3164799","MustWin","1000.00000","1","0","0.00000","1"
"208","3160776","NotWeell","1151.32353","78","43","55.12821","1"
"209","3161279","Deltoid","1000.00000","1","0","0.00000","1"
"210","3161496","goomfrontlut","1038.18867","6","3","50.00000","1"
"211","3163253","KnightSquared","1000.00000","1","0","0.00000","1"
"269","897095","Tipu","1086.70412","68","38","55.88235","1"
"270","3141837","kafsao","1216.94081","152","96","63.15789","1"
"271","3148318","ShadinqTR","1125.63056","118","66","55.93220","1"
"272","3164938","Meathir","1036.94579","13","7","53.84615","1"
"273","3148232","superninjaboygaming","1095.44840","8","6","75.00000","1"
"274","3161698","Leopold","1032.63570","4","2","50.00000","1"
"275","3164646","Yoslosh","1070.51974","28","14","50.00000","1"
"276","3165758","BreadyCore","1037.13847","40","14","35.00000","1"
"277","3147569","Andre s","1011.42436","3","1","33.33333","1"
"278","2369950","Zato-VaN","1058.01467","18","10","55.55556","1"
"279","3164824","Goombafire","1000.00000","2","0","0.00000","1"
"280","3164543","Treesson","1000.00000","2","0","0.00000","1"
"284","659543","lofikay","1042.94351","12","7","58.33333","1"
"285","2437536","Dyscoid","1000.00000","3","1","33.33333","1"
"286","595521","AFancyDress","1009.86219","3","1","33.33333","1"
"287","3169910","W3vil23","1012.95359","3","1","33.33333","1"
"288","1461573","æther","1014.80828","3","1","33.33333","1"
"289","3171316","W3vil23","1017.70890","3","1","33.33333","1"
"290","3167941","Animated cake","1000.00000","15","1","6.66667","1"
"291","2922805","Bitoless","1025.23839","7","3","42.85714","1"
"292","3167813","ZetaKE","1000.00000","2","0","0.00000","1"
"293","3167738","Tril","1000.00000","2","0","0.00000","1"
"294","3167000","Awesome#6122","1011.61878","5","1","20.00000","1"
"295","3167006","Niru","1000.00000","4","0","0.00000","1"
"296","3167821","SrTavo","1000.00000","1","0","0.00000","1"
"297","1261068","Trickster0913","1000.00000","4","0","0.00000","1"
"299","3172549","Q2","1014.95793","2","1","50.00000","1"
"300","3171287","Skelly23","1025.14220","2","1","50.00000","1"
"301","3172289","Lord T","1002.74192","5","2","40.00000","1"
"302","3172372","SirCleric","1016.82503","2","1","50.00000","1"
"303","3170229","PhantomAkira","1000.00000","1","0","0.00000","1"
"304","3150992","Omega&Creator","1000.00000","3","1","33.33333","1"
"305","3170191","Bulletsite","1000.00000","1","0","0.00000","1"
"306","3170122","Dragonking","1000.00000","1","0","0.00000","1"
"307","1918478","Lushtakular","1000.00000","2","0","0.00000","1"
"308","3144564","Bozo","1084.92402","113","55","48.67257","1"
"309","3173833","Spoonsei","1102.63607","12","8","66.66667","1"
"310","3170172","MuffinButton","1000.00000","5","2","40.00000","1"
"311","3170442","Fizzles","1113.27355","67","38","56.71642","1"
"312","2920972","KURAMA","1004.53940","3","1","33.33333","1"
"313","3173243","tskjo","1052.10696","23","12","52.17391","1"
"314","2456028","Entropizer","1014.87779","2","1","50.00000","1"
"315","3170226","TANK YOU","1000.00000","2","0","0.00000","1"
"316","3172196","Dieselweasel","1000.00000","25","9","36.00000","1"
"317","3170491","Beenis","1000.00000","1","0","0.00000","1"
"318","3170386","Reksie","1000.00000","1","0","0.00000","1"
"319","3170292","DvlUp","1000.00000","5","1","20.00000","1"
"320","2247803","AG147","1000.00000","1","0","0.00000","1"
"321","2473782","snoot","1000.00000","1","0","0.00000","1"
"322","3172547",".Bun.","1000.00000","1","0","0.00000","1"
"323","3172064","Gecko","1000.00000","1","0","0.00000","1"
"324","3170582","tudbud","1000.00000","1","0","0.00000","1"
"325","3170570","Aethar","1000.00000","1","0","0.00000","1"
"326","2849601","Dememenic","1000.00000","1","0","0.00000","1"
"327","3173696","Thunk","1000.00000","1","0","0.00000","1"
"328","3174387","Noise","1000.00000","3","0","0.00000","1"
"329","3172346","wahooman","1000.00000","11","2","18.18182","1"
"330","3174401","minero101","1000.00000","1","0","0.00000","1"
"331","3171408","We3b","1000.00000","1","0","0.00000","1"
"332","2121729","RealFlow","1000.00000","1","0","0.00000","1"
"333","3171188","Daimuzu","1004.11485","10","3","30.00000","1"
"334","3170878","mira-cle","1000.00000","1","0","0.00000","1"
"335","3170580","starkitten","1000.00000","1","0","0.00000","1"
"336","3170723","Coltrain","1000.00000","1","0","0.00000","1"
"362","3175159","Hungrybox","1099.02075","87","44","50.57471","1"
"363","3172816","Markelius","1000.00000","3","1","33.33333","1"
"364","3175040","Chriss","1000.00000","2","0","0.00000","1"
"365","3171035","Prenkor","1000.00000","5","1","20.00000","1"
"366","3160806","Kabirbobcone","1000.00000","2","0","0.00000","1"
"367","3173061","LoJay","1000.00000","7","2","28.57143","1"
"368","3175125","Kaboozz","1017.59717","3","1","33.33333","1"
"369","2345543","fishnu","1386.85285","163","115","70.55215","1"
"370","3173070","arc","1000.00000","2","0","0.00000","1"
"371","3170504","ZeroTheWeirdo","1115.47369","130","59","45.38462","1"
"372","3172439","Mrmental","1000.00000","2","0","0.00000","1"
"373","1939617","CNS","1000.00000","2","0","0.00000","1"
"374","3172225","Surfgamer86","1000.00000","1","0","0.00000","1"
"375","3175124","Destremi","1000.00000","1","0","0.00000","1"
"376","3172224","oneshotsenpai","1000.00000","1","0","0.00000","1"
"393","3174525","WillyQuanta","1047.91943","13","7","53.84615","1"
"394","3176899","fartcreature","1260.63433","97","63","64.94845","1"
"395","3178867","lilderpie","1000.00000","83","34","40.96386","1"
"396","3036232","Axolotl","1015.95127","4","2","50.00000","1"
"397","3177667","Salti","1000.00000","2","0","0.00000","1"
"398","3177808","Shuffles","1000.00000","4","1","25.00000","1"
"399","3179223","ninja monkey","1000.00000","3","1","33.33333","1"
"400","1059089","RosyMapleMoth","1000.00000","3","1","33.33333","1"
"401","3177726","User 194500508503769088","1000.00000","2","0","0.00000","1"
"402","3173075","gee","1000.00000","4","0","0.00000","1"
"408","549033","Paracyclo","1127.69025","7","5","71.42857","1"
"409","3179176","aggronomics","1046.09181","5","3","60.00000","1"
"410","3176673","Suck My Kiss","1068.66806","12","7","58.33333","1"
"411","1756000","Nardis","1081.72935","11","7","63.63636","1"
"412","3179291","Zapzoomzam","1000.00000","1","0","0.00000","1"
"413","3173054","Smithveller","1000.00000","1","0","0.00000","1"
"414","3137984","sandos prime","1017.45065","2","1","50.00000","1"
"415","3180110","Penguin IronMan","1009.67536","69","30","43.47826","1"
"416","1991533","Zully","1210.47689","121","75","61.98347","1"
"417","3179247","OlegoAVTOmustang","1000.00000","2","0","0.00000","1"
"418","3179938","Jack556","1013.58345","3","1","33.33333","1"
"419","2837997","PotionSeller","1000.00000","3","1","33.33333","1"
"420","3179947","Двоичный код","1015.72307","5","1","20.00000","1"
"421","3179398","aisu","1017.88669","2","1","50.00000","1"
"422","3179753","codaah","1000.00000","2","1","50.00000","1"
"423","3177980","Smimbo","1000.00000","7","1","14.28571","1"
"424","3179893","Belika","1000.00000","1","0","0.00000","1"
"425","3179697","anree","1013.33164","5","1","20.00000","1"
"426","3177092","Thomased22","1000.00000","2","1","50.00000","1"
"427","3172551","blacknight","1000.00000","1","0","0.00000","1"
"428","3181585","Cookiesnc","1080.62819","73","39","53.42466","1"
"429","3179414","nem jef","1000.00000","2","0","0.00000","1"
"430","3179949","Fornax","1000.00000","3","1","33.33333","1"
"431","3180887","errmm...","1077.99200","19","11","57.89474","1"
"432","3181558","Thetntm","1000.00000","5","1","20.00000","1"
"433","3179515","Dyotton","1000.00000","1","0","0.00000","1"
"434","1151312","codybeeber1","1000.00000","1","0","0.00000","1"
"435","3179282","ofek105","1000.00000","1","0","0.00000","1"
"436","3179269","Cysfit","1000.00000","8","0","0.00000","1"
"437","3179850","Alastar","1000.00000","1","0","0.00000","1"
"438","2140939","Luck","1000.00000","3","0","0.00000","1"
"439","3180328","SolarEclipse","1000.00000","1","0","0.00000","1"
"440","3181575","Kerg","1000.00000","3","0","0.00000","1"
"471","3175287","TrolliPop","1003.70996","8","3","37.50000","1"
"472","3182429","Luc","1001.43282","3","1","33.33333","1"
"473","748874","Knight who says Ni","1060.45153","9","5","55.55556","1"
"474","2286843","Glimpsed","1156.61499","37","24","64.86486","1"
"475","1792172","Caterpie","1021.31795","3","1","33.33333","1"
"476","2962685","Yurrie","1000.00000","10","2","20.00000","1"
"477","3123821","Jessie","1015.00000","9","4","44.44444","1"
"478","3182561","kranekrons","1000.00000","1","0","0.00000","1"
"479","3181890","DreamBig","1000.00000","2","0","0.00000","1"
"480","2406484","WaterproofTurtle","1000.00000","1","0","0.00000","1"
"486","2226097","Softie","1064.25050","19","10","52.63158","1"
"487","2966921","QGains","1022.27408","2","1","50.00000","1"
"488","2024340","th0r_2","1017.16543","2","1","50.00000","1"
"489","3187054","Colossal E#2924","1014.91495","2","1","50.00000","1"
"490","3186573","tac taf","1000.00000","1","0","0.00000","1"
"491","3179259","Thurapy","1072.66358","17","10","58.82353","1"
"492","3186670","awaffleswag","1000.00000","1","0","0.00000","1"
"493","3186551","Artivulet","1044.33047","12","6","50.00000","1"
"494","2042946","Tumb","1000.00000","4","0","0.00000","1"
"495","3180343","FeBruh","1027.92937","11","4","36.36364","1"
"496","3187086","Faded","1000.00000","1","0","0.00000","1"
"497","1930502","Squcisse","1000.00000","4","1","25.00000","1"
"498","2771924","AzorKs","1000.00000","1","0","0.00000","1"
"499","1909504","ClawNeedleKnife","1004.97286","31","13","41.93548","1"
"500","3185350","Skeledoot?","1000.00000","3","0","0.00000","1"
"501","3177691","Carter","1000.00000","1","0","0.00000","1"
"502","3180226","Gubknak","1152.77533","144","82","56.94444","1"
"503","3186572","clown","1000.00000","30","14","46.66667","1"
"504","2003648","Clipart","1000.00000","1","0","0.00000","1"
"505","3179238","Vieira","1015.09891","7","3","42.85714","1"
"506","3187070","Yokai","1000.00000","1","0","0.00000","1"
"507","3185942","Spyco psycho#8198","1000.00000","1","0","0.00000","1"
"508","3186724","eRad","1000.00000","1","0","0.00000","1"
"509","3186160","Drifter","1000.00000","13","3","23.07692","1"
"510","3187080","Vent Goblin","1000.00000","2","0","0.00000","1"
"517","2533992","Angler","1004.32547","3","1","33.33333","1"
"518","2805346","DeltaDragon","1001.23466","3","1","33.33333","1"
"519","3187467","Redimane","1009.74643","3","1","33.33333","1"
"520","3187391","sato0ushi","1009.71079","7","3","42.85714","1"
"521","3184427","OtakuSim13","1000.00000","2","0","0.00000","1"
"522","3187001","Kintac","1000.00000","6","0","0.00000","1"
"523","3187487","Kailater","1000.00000","1","0","0.00000","1"
"532","3083333","jade ^.^","1423.32029","141","100","70.92199","1"
"533","3170556","Awesome#6122","1000.00000","4","0","0.00000","1"
"534","3163343","BananaBear","1000.00000","2","0","0.00000","1"
"535","3172565","Goober","1000.00000","6","0","0.00000","1"
"536","3180410","Awesome","1000.00000","17","1","5.88235","1"
"539","3183976","AGgenri","1085.43704","30","16","53.33333","1"
"540","2348907","Skell","1125.89286","56","30","53.57143","1"
"541","3183165","Videofreak","1002.59468","7","3","42.85714","1"
"542","3187384","Taskrabbits","1000.00000","4","1","25.00000","1"
"543","3181741","LaPepega","1000.00000","3","1","33.33333","1"
"544","3188637","Cruntling","1000.00000","1","0","0.00000","1"
"545","699910","wuffie","1000.00000","3","1","33.33333","1"
"546","3183157","BruhMonkey","1000.00000","2","0","0.00000","1"
"554","3186133","AFilthyCasual","1000.00000","1","0","0.00000","1"
"555","3170249","Usefuln't","1013.00019","3","1","33.33333","1"
"556","3191567","Gaum","1000.00000","2","0","0.00000","1"
"557","3192128","Randome","1000.00000","4","0","0.00000","1"
"558","3191937","Sheleil","1005.80479","3","1","33.33333","1"
"559","3191144","Woozy","1002.83501","4","1","25.00000","1"
"560","3137912","Al_Chimera","1000.00000","15","4","26.66667","1"
"561","3189656","Phimmy","1000.00000","1","0","0.00000","1"
"562","3192118","KiD","1000.00000","1","0","0.00000","1"
"563","2789625","Justvoun","1000.00000","8","1","12.50000","1"
"569","2078699","Sable","1066.75407","27","15","55.55556","1"
"570","3191017","Ben_AVV","1114.72619","105","56","53.33333","1"
"571","1919250","yuxkka_","1012.88134","3","1","33.33333","1"
"572","1142381","Neccc","1015.60204","2","1","50.00000","1"
"573","3186832","Popckow","1000.00000","3","0","0.00000","1"
"574","3192657","Soliss","1000.00000","1","0","0.00000","1"
"575","1799801","Glitch85","1000.00000","1","0","0.00000","1"
"576","3190856","SodiumFluoride","1033.29812","114","61","53.50877","1"
"577","3193221","Scoffingbore97","1000.00000","1","0","0.00000","1"
"578","3191837","TheBermanGrit","1014.68013","2","1","50.00000","1"
"579","2316243","mattv2","1000.00000","1","0","0.00000","1"
"580","2333451","Snerdels","1000.00000","1","0","0.00000","1"
"581","3193055","pettyshinobi","1000.00000","1","0","0.00000","1"
"582","3192104","Eiburi","1001.31244","3","1","33.33333","1"
"583","3190798","StickV","1000.00000","3","1","33.33333","1"
"584","3192329","NinoLikesCookies","1000.00000","1","0","0.00000","1"
"585","3191984","jagwad","1000.00000","1","0","0.00000","1"
"586","3192654","Loom >:3","1000.00000","1","0","0.00000","1"
"587","3190841","SloughyToast","1000.00000","1","0","0.00000","1"
"588","3190956","shugarry","1000.00000","3","0","0.00000","1"
"589","3191871","Wtr","1000.00000","1","0","0.00000","1"
"600","3170713","era2point0","1141.91621","25","17","68.00000","1"
"601","3177794","Im2Xtreme","1052.60100","6","4","66.66667","1"
"602","3190071","DaBoiWooper","1012.57250","3","1","33.33333","1"
"603","2870440","Brxken","1000.00000","2","0","0.00000","1"
"604","3185578","DyngZ","1011.93317","3","1","33.33333","1"
"605","3194009","AlexKwa","1000.00000","6","0","0.00000","1"
"607","3198027","Toriathan","1033.53858","5","3","60.00000","1"
"608","63995","404Cray","1009.10684","3","1","33.33333","1"
"609","3197925","Novak","1000.00000","2","0","0.00000","1"
"610","1237975","Flow","1007.01044","6","2","33.33333","1"
"611","1934262","NC10","1000.00000","2","0","0.00000","1"
"614","3162147","ParadoxPrism","1000.00000","1","0","0.00000","1"
"615","3200268","Panda?","1000.00000","2","0","0.00000","1"
"616","3201049","Leaderkilla","1000.00000","2","0","0.00000","1"
"621","3143777","CaptainTechnicality","1241.47235","39","27","69.23077","1"
"622","3199877","SlinkChicken077","1025.42442","15","7","46.66667","1"
"623","3202425","bigbrein","1013.44771","2","1","50.00000","1"
"624","3201737","SpinyKingCrab","1000.00000","1","0","0.00000","1"
"625","1692905","Ozone","1000.00000","1","0","0.00000","1"
"626","1499380","DillonDaGoblin","1022.99064","4","2","50.00000","1"
"627","550678","Spikefire","1012.22943","2","1","50.00000","1"
"628","3195599","Lagmar","1000.00000","1","0","0.00000","1"
"629","3198105","SADIE","1000.00000","1","0","0.00000","1"
"630","1456943","Ninja blitz","1000.00000","1","0","0.00000","1"
"631","3202127","ELEGY_990","1018.74957","2","1","50.00000","1"
"632","3197968","Macbeth","1000.00000","1","0","0.00000","1"
"633","3201903","Neo","1000.00000","1","0","0.00000","1"
"634","3196745","kivi","1021.24177","28","11","39.28571","1"
"635","3197966","Mommy's Boy","1000.00000","3","0","0.00000","1"
"636","3195624","Emeraldym","1000.00000","4","0","0.00000","1"
"637","3200800","Cloud","1000.00000","1","0","0.00000","1"
"638","3193403","MilkManMatthew","1000.00000","1","0","0.00000","1"
"639","3196242","Loogy","1000.00000","1","0","0.00000","1"
"640","3202246","EvannMouton","1000.00000","1","0","0.00000","1"
"652","3191850","Sancho_tEm","1025.39391","6","2","33.33333","1"
"653","3199069","CorbinADtor","1010.33416","2","1","50.00000","1"
"654","1710901","The_Humbugg","1000.00000","6","0","0.00000","1"
"659","2799897","Falight","1013.21950","3","1","33.33333","1"
"660","3196789","TheMajesticJamie","1000.00000","2","0","0.00000","1"
"663","3214691","Lyth1k","1000.00000","2","0","0.00000","1"
"664","3211679","TheGrandGuardian","1009.37391","3","1","33.33333","1"
"665","2156107","Cibu","1000.00000","2","0","0.00000","1"
"670","3183120","roycebracket","1344.21292","128","88","68.75000","1"
"671","3215943","Radiance","1000.00000","3","1","33.33333","1"
"672","3210623","Xiro","1018.48400","6","2","33.33333","1"
"673","3213816","NOOBTRON7777","1014.80997","3","1","33.33333","1"
"674","3213837","Harg","1000.00000","2","0","0.00000","1"
"675","3215194","Emmalee","1000.00000","5","1","20.00000","1"
"676","2968002","Mistilac","1000.00000","1","0","0.00000","1"
"677","2147284","Leaky Sponge","1000.00000","1","0","0.00000","1"
"678","3191971","ayashi","1000.00000","1","0","0.00000","1"
"679","3210626","GntBoa","1018.63342","2","1","50.00000","1"
"680","3212774","Cibian","1016.13306","4","1","25.00000","1"
"681","1886374","Justreallyasian","1000.00000","1","0","0.00000","1"
"685","1667647","neonannihilator2","1000.00000","3","0","0.00000","1"
"686","1935833","Azrael","1000.00000","13","1","7.69231","1"
"687","3217659","Maximo59","1000.00000","4","0","0.00000","1"
"688","3216514","Turturu","1000.00000","2","0","0.00000","1"
"692","3219358","Tuerk","1017.97145","4","2","50.00000","1"
"693","3219339","enderam123","1000.00000","2","0","0.00000","1"
"694","1126580","Asukii","1000.00000","1","0","0.00000","1"
"699","3220852","Sads","1051.79775","5","3","60.00000","1"
"700","3222161","Darkstar","1049.53481","39","15","38.46154","1"
"701","3222165","Marselo","1000.00000","2","0","0.00000","1"
"702","3221186","VYELENT","1000.00000","2","0","0.00000","1"
"706","3224006","Holedar1234","1000.00000","2","0","0.00000","1"
"707","3224003","Silva","1000.00000","2","0","0.00000","1"
"709","3225512","Sidjfnfdjsis","1012.80884","2","1","50.00000","1"
"710","1666970","Synthia","1000.00000","1","0","0.00000","1"
"711","3223546","Soul","1000.00000","1","0","0.00000","1"
"712","3224677","Meeno","1000.00000","1","0","0.00000","1"
"713","322595","Swiftish","1000.00000","1","0","0.00000","1"
"716","3229252","snon","1014.18948","3","1","33.33333","1"
"717","3229267","MR-DR-HO","1000.00000","1","0","0.00000","1"
"719","3232120","Sp1cd","1016.23545","3","1","33.33333","1"
"720","3210010","PrincepsRex","1004.36154","3","1","33.33333","1"
"721","3229502","Shadow","1000.00000","2","0","0.00000","1"
"726","3236231","Brookewyrm","1000.00000","16","5","31.25000","1"
"727","3236184","Fua","1017.46450","2","1","50.00000","1"
"729","3160157","Tayto","1007.99345","6","3","50.00000","1"
"730","2198730","Troco","1000.00000","2","0","0.00000","1"
"731","3238969","morv","1000.00000","6","1","16.66667","1"
"736","3242380","Chimser","1036.32630","5","2","40.00000","1"
"737","3242665","SuperS0ul","1000.00000","2","0","0.00000","1"
"738","3216559","Sampsa","1000.00000","5","1","20.00000","1"
"739","2934776","Sawden","1000.00000","1","0","0.00000","1"
"743","3244736","Ayano#8229","1010.98048","3","1","33.33333","1"
"744","40616","Deauhhan","1014.50545","3","1","33.33333","1"
"745","3244063","EggHam","1000.00000","4","0","0.00000","1"
"746","3244722","Windyboiii","1018.99453","11","4","36.36364","1"
"747","3244504","Swgsz","1000.00000","2","0","0.00000","1"
"748","3244727","DenPok","1037.25521","17","6","35.29412","1"
"750","2537690","Zenopid","1102.85857","25","15","60.00000","1"
"751","3248988","big crazy","1000.00000","11","0","0.00000","1"
"752","3247711","Bmobi","1007.81069","6","2","33.33333","1"
"753","3249583","temodoki","1012.46595","3","1","33.33333","1"
"754","3249574","Kieon","1000.00000","2","0","0.00000","1"
"755","1263051","grungus","1000.00000","2","0","0.00000","1"
"756","3249524","FallenDrifter52","1000.00000","2","0","0.00000","1"
"757","3249561","GodOfBasic","1008.96618","10","4","40.00000","1"
"758","626673","Gail","1000.00000","1","0","0.00000","1"
"765","3251385","Reaxt","1009.64623","10","4","40.00000","1"
"766","3178010","Snickish","1000.00000","20","6","30.00000","1"
"767","3250195","Nerd","1036.73843","16","8","50.00000","1"
"768","3252702","Zyvics","1014.83085","7","3","42.85714","1"
"769","1511204","Lots of Lol","1000.00000","2","0","0.00000","1"
"770","2803529","CoconutRanger","1000.00000","2","0","0.00000","1"
"771","3240661","glue eater","1018.48377","2","1","50.00000","1"
"780","3255179","KnifeDagger","1000.00000","5","1","20.00000","1"
"781","629817","ThunderBear","1028.23627","7","4","57.14286","1"
"782","3191039","Chimser","1000.00000","8","3","37.50000","1"
"783","1999075","JeffoConDobleF","1014.66590","4","2","50.00000","1"
"784","3254952","bakedbread","1000.00000","2","0","0.00000","1"
"785","3251456","toady","1000.00000","1","0","0.00000","1"
"787","1681445","bingo","1019.13330","6","2","33.33333","1"
"790","2609283","KrowPan","1000.56656","3","1","33.33333","1"
"791","1543347","GelloMello","1000.00000","2","0","0.00000","1"
"792","3179895","SamuraiBeid","1016.94526","2","1","50.00000","1"
"793","1723761","Doppy","1000.00000","2","0","0.00000","1"
"794","3262554","drsooz#3292","1000.00000","2","0","0.00000","1"
"797","1533679","Thelastdance","1013.13561","4","2","50.00000","1"
"798","3255827","Angels510","1015.69422","4","2","50.00000","1"
"799","3263502","Malcolm Reynolds","1014.68500","3","1","33.33333","1"
"800","3263978","Poker7","1029.79683","20","10","50.00000","1"
"801","3266208","Usotomi","1000.00000","2","0","0.00000","1"
"802","3266203","ItsMaxo","1028.43125","6","2","33.33333","1"
"803","3180419","GROOCHY","1000.00000","2","0","0.00000","1"
"804","3263579","WrongKeyo360","1000.00000","3","1","33.33333","1"
"805","3266187","Xeon2474","1000.00000","2","0","0.00000","1"
"806","3161608","Bel","1024.00000","2","1","50.00000","1"
"807","1752354","GIDDYMADMAN (Sticky)","1000.00000","2","0","0.00000","1"
"808","3266242","DJCJ14","1000.00000","2","0","0.00000","1"
"809","2744325","BruvMatrix","1000.00000","1","0","0.00000","1"
"810","649351","Schylourzombie","1000.00000","2","0","0.00000","1"
"811","1724767","T-sizzle","1000.00000","1","0","0.00000","1"
"828","3267799","equinox!","1093.31248","37","19","51.35135","1"
"829","3265216","Kajdak","1001.54513","6","2","33.33333","1"
"830","3270031","WorstWizard","1000.00000","2","0","0.00000","1"
"831","1494666","bubbles","1000.00000","6","0","0.00000","1"
"832","3269950","AlanMcTshirt","1000.00000","2","0","0.00000","1"
"835","37591","Fromundaman","1105.14312","34","20","58.82353","1"
"836","67465","RyeBread","1000.00000","4","0","0.00000","1"
"837","3279706","Mikasi","1000.00000","10","0","0.00000","1"
"842","2041571","rznant","1077.87250","13","7","53.84615","1"
"843","1606419","MonkadS","1000.00000","3","1","33.33333","1"
"844","3276483","EveeKai","1000.00000","1","0","0.00000","1"
"849","3281924","2Tyred2Sleep","1000.00000","2","0","0.00000","1"
"850","3008823","BlueMew","1185.06931","67","40","59.70149","1"
"851","3172295","based registeel","1066.97607","6","4","66.66667","1"
"852","1066241","Bello","1040.98882","5","3","60.00000","1"
"853","3281898","twored","1020.81089","4","2","50.00000","1"
"854","1871415","Wisp","1031.50173","5","3","60.00000","1"
"855","3281996","ChaceTheyace","1082.56678","5","4","80.00000","1"
"856","3282902","Xeon","1056.79622","58","29","50.00000","1"
"857","3284658","NiceMice","1024.61205","4","2","50.00000","1"
"858","3283941","soup","1000.00000","6","2","33.33333","1"
"859","2995491","haipy","1000.04412","6","2","33.33333","1"
"860","2221851","Yoishicrusher","1000.00000","9","4","44.44444","1"
"861","3283923","Luco","1045.61529","12","6","50.00000","1"
"862","3283002","N1n3","1028.32433","5","3","60.00000","1"
"863","3281844","Yau","1000.00000","6","2","33.33333","1"
"864","3280796","thighhighcroc","1000.00000","10","4","40.00000","1"
"865","3283773","Junko","1038.67156","3","2","66.66667","1"
"866","3282227","Def Magica","1031.52583","5","3","60.00000","1"
"867","3282070","05mario","1324.59962","123","83","67.47967","1"
"868","3281834","Níquel","1035.87368","3","2","66.66667","1"
"869","3282011","MegaBastardo","1000.00000","3","1","33.33333","1"
"870","3283893","DARK_KONG","1013.83732","4","2","50.00000","1"
"871","1740798","McCoy","1000.00000","4","0","0.00000","1"
"872","1686897","Sharpy","1000.00000","4","1","25.00000","1"
"873","3282900","Bimblewort","1013.17140","3","1","33.33333","1"
"874","1898496","JahNee","1010.37891","3","1","33.33333","1"
"875","814535","Sparkle","1000.00000","3","1","33.33333","1"
"876","3282869","Jisp","1001.94205","8","2","25.00000","1"
"877","3283948","Crispy","1003.00419","3","1","33.33333","1"
"878","1749330","Quothe","1000.00000","5","1","20.00000","1"
"879","1722368","ScaryJade","1040.83252","15","7","46.66667","1"
"880","30706","JemZ","1007.87111","4","2","50.00000","1"
"881","3283920","Iki","1017.23624","7","3","42.85714","1"
"882","3289442","OTTOMAT1C","1000.00000","3","0","0.00000","1"
"883","3281883","Sansein","1015.39800","15","5","33.33333","1"
"884","626805","Rock Cobbler","1000.00000","2","0","0.00000","1"
"885","3281854","Alzek","1000.00000","2","0","0.00000","1"
"886","3281855","goose","1000.00000","1","0","0.00000","1"
"887","3282504","JM_","1000.00000","2","0","0.00000","1"
"888","3268478","SmortCaveman","1000.00000","13","1","7.69231","1"
"889","3281849","Lagomorph","1000.00000","2","0","0.00000","1"
"890","3281848","Peaks","1000.00000","2","0","0.00000","1"
"891","1928710","Verfego","1000.00000","15","2","13.33333","1"
"892","3284014","LoadingSir","1000.00000","1","0","0.00000","1"
"893","3282712","Exhibits","1000.00000","2","0","0.00000","1"
"894","2943441","Quaesan","1000.00000","2","0","0.00000","1"
"895","3282023","TurtleBoy","1000.00000","2","0","0.00000","1"
"896","3282258","GixxersCove","1000.00000","2","0","0.00000","1"
"897","3281856","theetyseagull#6948","1000.00000","4","0","0.00000","1"
"898","3281923","Clade","1000.00000","1","0","0.00000","1"
"899","3286365","Tefo","1000.00000","1","0","0.00000","1"
"913","1889162","CatgirlKazu","1019.26631","4","2","50.00000","1"
"914","3301285","Zimrak","1009.78199","3","1","33.33333","1"
"915","2358103","Oakey","1000.00000","2","0","0.00000","1"
"916","3296743","RedSmile","1014.21952","7","3","42.85714","1"
"917","3297274","RedVorona","1014.16549","3","1","33.33333","1"
"918","986287","Meepan","1000.00000","2","0","0.00000","1"
"919","1565296","Molamola79","1000.00000","2","0","0.00000","1"
"920","3299784","iSoar","1011.83530","2","1","50.00000","1"
"921","3300981","lax.dont.ask","1011.96481","2","1","50.00000","1"
"922","1723374","CrispyCthulhu","1000.00000","2","0","0.00000","1"
"923","3298656","ponychamp","1008.00474","3","1","33.33333","1"
"924","13708","GodofGrunts","1000.00000","2","0","0.00000","1"
"925","3303662","Greycakes","1000.00000","2","0","0.00000","1"
"926","3300994","CyberArk_Dragon","1000.00000","4","0","0.00000","1"
"927","3283989","dithyrambic","1000.00000","6","2","33.33333","1"
"928","3014634","Astyle","1000.00000","1","0","0.00000","1"
"929","3297675","Tree","1032.97513","4","2","50.00000","1"
"930","3302155","icetv","1000.00000","2","0","0.00000","1"
"931","1598650","RADU","1000.00000","1","0","0.00000","1"
"944","3305580","Sextillion Zettabots","1311.90475","141","96","68.08511","1"
"945","3308898","UnlimitedDucks","1012.82706","3","1","33.33333","1"
"947","3311625","Him","1016.48883","4","2","50.00000","1"
"948","3301989","Deadby","1000.00000","3","1","33.33333","1"
"949","3312215","pingwin","1003.56762","3","1","33.33333","1"
"950","3312103","SirBarnett","1000.00000","8","1","12.50000","1"
"951","1885226","Maus","1000.00000","36","9","25.00000","1"
"956","3323277","RaeRaq","1055.33963","13","7","53.84615","1"
"957","3323179","cjw2099","1000.00000","74","20","27.02703","1"
"958","254327","Gabe","1000.00000","1","0","0.00000","1"
"959","3324439","deathtoalltoast","1018.12667","4","2","50.00000","1"
"962","3304297","gasoline","1019.83667","4","2","50.00000","1"
"963","940246","Habaduba","1011.92119","2","1","50.00000","1"
"964","1052330","Sloud","1013.56807","3","1","33.33333","1"
"965","39606","M.M.Leo","1009.30634","3","1","33.33333","1"
"966","3328947","Aeonian","1000.00000","2","0","0.00000","1"
"967","3327572","ShowMaster","1000.00000","2","0","0.00000","1"
"968","1939822","RedwoodRogue","1000.00000","2","0","0.00000","1"
"969","3327384","Logunstiuos","1000.00000","2","0","0.00000","1"
"970","1086467","bkdyno","1000.00000","1","0","0.00000","1"
"971","3327392","Monke","1000.00000","2","0","0.00000","1"
"972","3281843","Torta","1000.00000","2","0","0.00000","1"
"977","3331491","drahyrt","1044.93549","12","5","41.66667","1"
"980","3334373","Ash'n Amber","1000.00000","2","0","0.00000","1"
"983","3337277","ZXavier","1072.42073","5","3","60.00000","1"
"984","1281237","Gyr0mat!c","1034.82435","4","2","50.00000","1"
"985","3328126","WhimsNum","1240.85276","92","57","61.95652","1"
"990","3359842","Shaggy","1049.70600","14","7","50.00000","1"
"991","324001","Weaver","1029.50395","4","2","50.00000","1"
"992","3359663","swurli","1002.16168","5","1","20.00000","1"
"993","1074861","sp0derr","1000.00000","1","0","0.00000","1"
"997","3356745","Tomiyoru","1000.00000","3","1","33.33333","1"
"998","3362757","Epsilon","1007.70500","3","1","33.33333","1"
"999","3363205","Seven_Sprockets","1000.00000","2","0","0.00000","1"
"1000","3362899","King of all behemoths","1000.00000","2","0","0.00000","1"
"1004","3110979","blagomey","1032.94090","4","2","50.00000","1"
"1005","3406120","Gameslayer989","1098.38454","49","25","51.02041","1"
"1006","3176642","SmallSlab","1000.00000","19","5","26.31579","1"
"1007","3399955","Ani","1022.58471","3","2","66.66667","1"
"1008","3399594","Rudi","1045.40722","11","6","54.54545","1"
"1009","3401717","Settemio","1006.62894","6","2","33.33333","1"
"1010","3398085","Snak","1000.00000","2","0","0.00000","1"
"1011","2539229","dahperson","1000.00000","2","0","0.00000","1"
"1012","1744110","GrayCapedHero","1000.00000","2","0","0.00000","1"
"1013","1072865","Loafus","1000.00000","2","0","0.00000","1"
"1014","3406046","Glaacier","1000.00000","1","0","0.00000","1"
"1019","3439123","Apu","1030.66707","8","4","50.00000","1"
"1020","2434136","Bogus","1065.43805","27","13","48.14815","1"
"1021","3439261","osuepo","1032.05659","24","12","50.00000","1"
"1022","3438936","Paranomaly","1012.69519","12","6","50.00000","1"
"1023","3435833","Mikoto","1003.77266","10","4","40.00000","1"
"1024","3435645","MeltingNT","1005.21055","6","2","33.33333","1"
"1025","3433110","Suffers Sadness","1152.96889","58","33","56.89655","1"
"1026","3435865","legit(!)","1169.61821","78","42","53.84615","1"
"1027","3412241","Bennettiscool9","1000.00000","5","0","0.00000","1"
"1028","3439448","Fundai","1011.87555","3","1","33.33333","1"
"1029","3004086","Uzi","1016.84412","2","1","50.00000","1"
"1030","3433704","Wavylion","1000.00000","2","0","0.00000","1"
"1031","1005673","glÜt","1000.00000","2","0","0.00000","1"
"1032","3439271","Bumpian","1114.90155","35","19","54.28571","1"
"1033","3432360","gampyre","1000.00000","2","0","0.00000","1"
"1034","1881743","Repron","1000.00000","1","0","0.00000","1"
"1035","3435042","Dram Hyena#3238","1000.00000","1","0","0.00000","1"
"1050","3460188","Twansgener :3","1051.04723","18","8","44.44444","1"
"1051","250341","Lemin","1019.09440","2","1","50.00000","1"
"1052","3458601","obsidian AN","1020.11489","7","3","42.85714","1"
"1053","3458029","sj_reaper","1000.02725","25","10","40.00000","1"
"1054","3459088","Xtremer$adiq","1031.61161","5","3","60.00000","1"
"1055","3462908","Tasc","1012.60207","2","1","50.00000","1"
"1056","1193981","Disaster","1010.97581","3","1","33.33333","1"
"1057","3457970","spid","1006.29398","12","5","41.66667","1"
"1058","3435418","Kolanappen1","1000.00000","9","1","11.11111","1"
"1059","3432378","Gabiberpol","1000.00000","2","0","0.00000","1"
"1060","1433987","Cabester","1000.00000","2","0","0.00000","1"
"1061","1544263","ghotiphoti","1015.77010","5","1","20.00000","1"
"1062","3457920","_Pugtato_","1000.00000","2","0","0.00000","1"
"1063","3458222","i_starving","1000.00000","4","0","0.00000","1"
"1064","3458215","OwO696","1024.00000","4","1","25.00000","1"
"1065","3432342","4u","1000.00000","2","0","0.00000","1"
"1066","3458237","Moffles","1000.00000","1","0","0.00000","1"
"1081","3387801","Outcast","1000.00000","2","0","0.00000","1"
"1082","3387243","fregg","1000.00000","2","0","0.00000","1"
"1083","3385822","hoteltoyota","1019.94261","4","2","50.00000","1"
"1084","3355008","Brooje","1000.00000","57","19","33.33333","1"
"1085","3376025","Ivan 22 77","1000.00000","2","0","0.00000","1"
"1086","3376024","hris","1000.00000","1","0","0.00000","1"
"1088","3433066","ScrodumHat","1146.10308","32","18","56.25000","1"
"1089","3470240","NeonFingers","1043.71641","41","21","51.21951","1"
"1090","3173050","Bowser","1028.61481","14","7","50.00000","1"
"1091","3298281","trigger7ff6","1053.40995","51","22","43.13725","1"
"1095","3339508","lisa","1333.05394","52","40","76.92308","1"
"1096","3478877","nill bye","1199.91061","65","40","61.53846","1"
"1097","3488663","spooky","1013.06402","3","1","33.33333","1"
"1098","3491183","Jarasonic","1000.00000","2","0","0.00000","1"
"1099","3487284","Late2Sleep","1000.00000","2","0","0.00000","1"
"1100","3490081","lilithpad","1004.29695","5","2","40.00000","1"
"1101","3483877","Correx","1000.00000","4","0","0.00000","1"
"1102","3467214","Tomski-","1000.00000","2","0","0.00000","1"
"1110","3493229","gaming","1048.87862","9","5","55.55556","1"
"1111","3211183","Æbigale","1014.60695","39","19","48.71795","1"
"1112","3484699","Axnon","1017.65444","3","1","33.33333","1"
"1113","3491911","#Person","1013.20172","3","1","33.33333","1"
"1114","2866880","Fluxx7856","1000.00000","2","0","0.00000","1"
"1115","1610057","Azazel","1000.00000","1","0","0.00000","1"
"1116","3484998","L-Ariz","1000.00000","1","0","0.00000","1"
"1117","3484771","Mr_zebra888","1000.00000","1","0","0.00000","1"
"1125","3502237","LevelGuardian007","1060.52581","21","11","52.38095","1"
"1126","3499697","smellylemon","1020.43003","7","3","42.85714","1"
"1127","1971286","Emma Kisst","1000.00000","5","0","0.00000","1"
"1132","3509235","Nomad","1042.11627","5","3","60.00000","1"
"1133","3511316","vinistriker22","1013.47200","4","2","50.00000","1"
"1134","3514916","Blons","1036.73105","10","5","50.00000","1"
"1135","3515369","theMax","1013.54358","3","1","33.33333","1"
"1136","2860934","Shibe.exe","1000.00000","16","2","12.50000","1"
"1137","3508180","petra.exe","1092.36144","20","10","50.00000","1"
"1138","3508130","a11ce","1000.00000","3","1","33.33333","1"
"1139","3508804","KaGra","1000.00000","3","1","33.33333","1"
"1140","3508856","Murfykiddo","1000.00000","3","1","33.33333","1"
"1141","3511819","Epoch","1000.00000","2","0","0.00000","1"
"1142","3509251","KatsuLK","1015.10518","5","1","20.00000","1"
"1143","3511599","loustars","1000.00000","6","0","0.00000","1"
"1144","3055195","TheDoginator","1000.00000","2","0","0.00000","1"
"1145","3508237","JamSol","1000.00000","1","0","0.00000","1"
"1147","1836952","Foolish","1003.05289","3","1","33.33333","1"
"1148","2423702","NesliK","1000.00000","2","0","0.00000","1"
"1149","3523581","ThyLocalCrusader","1000.00000","2","0","0.00000","1"
"1150","3524366","Yobo","1000.00000","2","0","0.00000","1"
"1154","3530261","allybee","1015.05429","3","1","33.33333","1"
"1155","3530290","Engie near","1000.00000","2","0","0.00000","1"
"1156","3531601","le russian cringe","1000.00000","2","0","0.00000","1"
"1161","3541482","hunter_","1441.72022","180","140","77.77778","1"
"1162","1447940","Penguin Proletariat","1021.70188","13","5","38.46154","1"
"1163","3510854","Goldie","1037.93266","21","9","42.85714","1"
"1164","3522581","FirTreeMan","1019.50711","5","1","20.00000","1"
"1165","3545790","Джейкоб","1000.00000","2","0","0.00000","1"
"1166","3545624","Nyaria1029","1000.00000","2","0","0.00000","1"
"1168","3554249","avrg21","1018.78172","3","1","33.33333","1"
"1169","3508670","Bingus","1000.00000","2","0","0.00000","1"
"1170","3554933","Cyndaquil3","1006.16017","7","3","42.85714","1"
"1171","3554760","Yeet my Feet","1000.00000","12","4","33.33333","1"
"1172","3189436","cat","1050.93584","84","41","48.80952","1"
"1173","3543757","Esperesso","1056.80062","44","22","50.00000","1"
"1174","3553711","pico","1083.57239","41","22","53.65854","1"
"1175","3508802","Giga20","1193.34087","80","50","62.50000","1"
"1183","3553300","masoki","1033.96658","38","17","44.73684","1"
"1184","3559296","Venace","1010.84871","3","1","33.33333","1"
"1185","3556407","Transgender Cowboy","1142.63177","72","39","54.16667","1"
"1186","3557366","gbriel46","1000.00000","1","0","0.00000","1"
"1187","2982212","Brain Dead","1000.00000","1","0","0.00000","1"
"1188","3501161","Snowerson","1000.00000","1","0","0.00000","1"
"1189","3554174","mattinator","1000.00000","1","0","0.00000","1"
"1198","3559653","_The_Kill_","1012.76028","3","1","33.33333","1"
"1199","2022439","krrkrkrkrkrkrkrrrr","1000.00000","2","0","0.00000","1"
"1200","3557312","Xovier","1000.00000","2","0","0.00000","1"
"1201","3556884","The Archvile From Doom 2","1014.47242","3","1","33.33333","1"
"1202","3562510","beeswick","1000.00000","2","0","0.00000","1"
"1203","3563355","pigeon","1000.00000","3","0","0.00000","1"
"1204","3563107","Velonian","1000.00000","1","0","0.00000","1"
"1213","3576604","AigisBuster","1063.35697","5","3","60.00000","1"
"1214","2628570","CV | ShunnedSage","1000.00000","4","0","0.00000","1"
"1215","3579890","Flaredesel","1000.00000","2","0","0.00000","1"
"1216","3579893","Memento","1000.00000","1","0","0.00000","1"
"1220","2828111","Ob_beta","1006.16750","5","1","20.00000","1"
"1221","3160823","Midway","1002.97894","4","1","25.00000","1"
"1224","3607402","deltasquared","1217.13906","65","40","61.53846","1"
"1225","3604170","SpudFellow","1027.20020","4","2","50.00000","1"
"1226","3574594","anyit","1005.75099","3","1","33.33333","1"
"1227","3607243","Junior","1000.00000","13","4","30.76923","1"
"1228","3602694","MrShifty","1000.00000","5","1","20.00000","1"
"1229","3602789","Caleb","1000.00000","5","1","20.00000","1"
"1230","3606821","JeLiJe","1000.00000","2","0","0.00000","1"
"1231","3607247","taisrage01","1000.00000","1","0","0.00000","1"
"1232","3581579","Spgettiboi","1000.00000","1","0","0.00000","1"
"1239","3618361","Summonthespawn","1133.76226","16","11","68.75000","1"
"1240","3618363","bbmkastan","1000.00000","2","0","0.00000","1"
"1241","3618369","Salvatore","1031.34460","4","2","50.00000","1"
"1242","3616546","aeriiser","1122.09751","85","41","48.23529","1"
"1243","3044493","Smog","1000.00000","2","0","0.00000","1"
"1244","3312075","EmmaTheGiant","1000.00000","2","0","0.00000","1"
"1245","51438","Sly","1000.00000","1","0","0.00000","1"
"1254","3631942","5ape","1000.00000","4","0","0.00000","1"
"1257","3651925","AxolotlGod","1113.68272","8","6","75.00000","1"
"1260","2366931","Giruemieh","1000.00000","2","0","0.00000","1"
"1265","3479017","Spagooter Intruder","1000.00000","9","3","33.33333","1"
"1266","3631949","JacqueDeLaOrsh","1022.08786","4","2","50.00000","1"
"1267","3682490","Mr_Frumply","1000.00000","2","0","0.00000","1"
"1268","3690201","DeltaRoot","1000.00000","2","0","0.00000","1"
"1269","3691236","Xalthir","1000.00000","2","0","0.00000","1"
"1272","3694371","SwaggyBadger","1057.02097","6","4","66.66667","1"
"1273","3698184","RecentlyanimatedSkelet0n","1045.37406","5","3","60.00000","1"
"1274","3697758","WaddleDee","1000.00000","50","18","36.00000","1"
"1275","3694822","TheCrimeSkeleton","1028.77101","32","15","46.87500","1"
"1276","3484549","The miner","1025.41804","5","3","60.00000","1"
"1277","3699090","Drakohyena","1039.90349","5","3","60.00000","1"
"1278","1275228","Rune","1115.32100","17","11","64.70588","1"
"1279","2889029","Coherek","1064.85036","9","6","66.66667","1"
"1280","3695804","SAUL GOODMAN","1006.73757","3","1","33.33333","1"
"1281","3696187","Wiewiór03","1009.66203","15","5","33.33333","1"
"1282","3697841","D-Sexy","1030.15481","9","5","55.55556","1"
"1283","3698436","ModerXD","1037.71529","5","3","60.00000","1"
"1284","3694426","BugManiac","1055.60759","4","3","75.00000","1"
"1285","3698154","Pockles","1050.93947","4","3","75.00000","1"
"1286","3694948","T.E.G","1000.00000","12","6","50.00000","1"
"1287","3698034","Twig","1031.05207","5","3","60.00000","1"
"1288","3696134","Bakamoto","1009.50112","2","1","50.00000","1"
"1289","3696870","PolarsXI","1029.21624","4","2","50.00000","1"
"1290","3695755","Flipkick","1014.72044","7","3","42.85714","1"
"1291","3695530","anri","1000.00000","3","1","33.33333","1"
"1292","3697487","thee_coolarrow","1000.00000","2","0","0.00000","1"
"1293","3694588","Puffs","1009.12717","7","3","42.85714","1"
"1294","3695461","CainAlex","1000.00000","1","0","0.00000","1"
"1295","3693652","Eternum","1227.20533","135","85","62.96296","1"
"1296","3698764","LG_here","1011.24047","3","1","33.33333","1"
"1297","2451093","FatYoshi69","1008.62236","3","1","33.33333","1"
"1298","3697319","Usend Licrua","1016.77954","10","4","40.00000","1"
"1299","3696352","Misindru","1000.00000","3","1","33.33333","1"
"1300","3695477","Globchik","1000.00000","6","2","33.33333","1"
"1301","3694348","Webb8","1001.31252","4","2","50.00000","1"
"1302","3694749","wheatloaf","1013.75581","4","2","50.00000","1"
"1303","3693654","kiyo","1014.65286","3","1","33.33333","1"
"1304","3694662","vader","1022.23397","8","4","50.00000","1"
"1305","3698521","blcktwo","1015.03369","4","2","50.00000","1"
"1306","3695815","StratOFerus","1000.00000","3","1","33.33333","1"
"1307","3697990","Newsfromafarr","1000.00000","4","1","25.00000","1"
"1308","3698195","Hiro Sui","1013.55200","2","1","50.00000","1"
"1309","3694456","seabasstime","1000.00000","3","1","33.33333","1"
"1310","3694803","Dragon","1019.20461","7","3","42.85714","1"
"1311","3695372","KEEPERmineLIVE","1000.00000","2","0","0.00000","1"
"1312","3694391","4D","1000.00000","2","0","0.00000","1"
"1313","2957113","SquirtleLiker","1000.00000","3","1","33.33333","1"
"1314","3694401","Konata","1018.51637","2","1","50.00000","1"
"1315","3694494","Noratical","1000.00000","3","1","33.33333","1"
"1316","314340","BOO","1000.00000","3","1","33.33333","1"
"1317","3696466","Bleu","1018.32514","8","3","37.50000","1"
"1318","3698886","CRUST1","1000.00000","2","0","0.00000","1"
"1319","3430949","Seth_Starstorm","1000.00000","2","0","0.00000","1"
"1320","3694423","WinterBucket","1000.00000","2","0","0.00000","1"
"1321","3696874","No Name","1000.00000","2","0","0.00000","1"
"1322","3695308","GarryGananas","1011.81037","3","1","33.33333","1"
"1323","3697856","Temz","1011.37772","3","1","33.33333","1"
"1324","3697233","Prasky","1000.00000","2","0","0.00000","1"
"1325","3694498","KrystalClouds","1000.00000","11","1","9.09091","1"
"1326","3283609","BK-Vatras","1009.44768","7","3","42.85714","1"
"1327","3693686","J11 The Jetplane","1089.16767","36","19","52.77778","1"
"1328","2639484","DukeVaul","1000.00000","1","0","0.00000","1"
"1329","3693696","abdul Salam","1000.00000","2","0","0.00000","1"
"1330","3699658","x86Cow","1000.00000","2","0","0.00000","1"
"1331","3699649","poorjonesy","1000.00000","2","0","0.00000","1"
"1332","3694394","Killersharkxd1","1000.00000","2","0","0.00000","1"
"1333","3693717","midget muncher","1000.00000","2","0","0.00000","1"
"1334","3698471","Rapisap","1012.46683","6","1","16.66667","1"
"1335","3699315","Jumble","1000.00000","2","0","0.00000","1"
"1336","3695512","Luceblock","1000.00000","2","0","0.00000","1"
"1337","3696422","Zink DF","1000.00000","2","0","0.00000","1"
"1338","3694785","DootMeHarder","1000.00000","2","0","0.00000","1"
"1339","3695309","Cakemix123","1000.00000","2","0","0.00000","1"
"1340","3006592","Faer","1000.00000","2","0","0.00000","1"
"1341","3694316","Riley.loxton","1000.00000","2","0","0.00000","1"
"1342","3695130","Darkfyre","1000.00000","1","0","0.00000","1"
"1343","3694487","ManicLibra","1000.00000","1","0","0.00000","1"
"1344","3698741","okj","1000.00000","1","0","0.00000","1"
"1345","3699682","cleggysipad","1000.00000","1","0","0.00000","1"
"1346","3698794","ERP","1000.00000","1","0","0.00000","1"
"1347","3693650","Solaris","1000.00000","1","0","0.00000","1"
"1348","3698846","Snevits","1000.00000","1","0","0.00000","1"
"1349","3699673","Fixit+","1000.00000","1","0","0.00000","1"
"1350","3695760","Azrael","1000.00000","1","0","0.00000","1"
"1351","3699670","kcajlscool","1000.00000","1","0","0.00000","1"
"1352","3699031","VerryBerryMan","1000.00000","1","0","0.00000","1"
"1399","3570639","6A","1078.82097","18","10","55.55556","1"
"1400","3713682","BoneHairReptile","1034.97051","5","3","60.00000","1"
"1401","3618713","Inabathtub","1034.90292","5","3","60.00000","1"
"1402","3696993","equinox!","1060.97880","6","4","66.66667","1"
"1403","3708648","Batsy <3","1020.61711","3","1","33.33333","1"
"1404","3693697","HollowGobbo","1036.20235","5","3","60.00000","1"
"1405","3697256","dickfairy","1072.69612","6","4","66.66667","1"
"1406","3721968","Exo","1023.77336","5","3","60.00000","1"
"1407","3693670","THExplosion24","1015.51814","4","2","50.00000","1"
"1408","3593424","Beep","1023.19856","5","3","60.00000","1"
"1409","2447650","shygybeats","1017.75975","6","2","33.33333","1"
"1410","3702667","Pine","1002.10450","3","1","33.33333","1"
"1411","3694751","Senpai_D","1012.20591","4","2","50.00000","1"
"1412","2978202","Koopa","1004.40321","4","2","50.00000","1"
"1413","3695553","umuhukumakiaki'aialunamor","1000.00000","2","0","0.00000","1"
"1414","3705172","Merigano","1000.32697","3","1","33.33333","1"
"1415","2898725","Green","1000.00000","3","1","33.33333","1"
"1416","3697330","CoolvinIce","1000.00000","2","0","0.00000","1"
"1417","3696936","AhleaxtHeatBreath","1011.52134","3","1","33.33333","1"
"1418","3693685","1funnylad","1000.00000","6","2","33.33333","1"
"1419","3695184","kimchi ninja","1013.51978","2","1","50.00000","1"
"1420","3715106","DonutVibin","1006.05581","3","1","33.33333","1"
"1421","3712607","Romanfuneral","1012.32565","2","1","50.00000","1"
"1422","3488704","ItsToday","1019.12568","2","1","50.00000","1"
"1423","3193338","Vinistriker","1000.00000","3","1","33.33333","1"
"1424","3722280","Flooberkdood","1000.00000","2","0","0.00000","1"
"1425","3693683","Arthur","1000.00000","1","0","0.00000","1"
"1426","3715682","Mr.Meme","1000.00000","2","0","0.00000","1"
"1427","1599645","Dandy","1000.00000","2","0","0.00000","1"
"1428","2758277","Flux52","1012.04062","3","1","33.33333","1"
"1429","1277304","L_Bot","1009.35260","3","1","33.33333","1"
"1430","1779801","Temi","1008.82680","3","1","33.33333","1"
"1431","3722330","Exclodius","1000.00000","3","1","33.33333","1"
"1432","3221625","Joycon boy","1000.00000","2","0","0.00000","1"
"1433","3726680","Rag","1000.00000","2","0","0.00000","1"
"1434","3694273","BeeSCI","1000.00000","3","0","0.00000","1"
"1435","2966361","ray","1000.00000","2","0","0.00000","1"
"1436","3708469","wrpen","1000.00000","2","0","0.00000","1"
"1437","3697266","Nico0822","1000.00000","1","0","0.00000","1"
"1438","3700602","botelhudex","1000.00000","2","0","0.00000","1"
"1439","3694444","IcarusCursed","1000.00000","2","0","0.00000","1"
"1440","3724980","The One","1000.00000","3","0","0.00000","1"
"1441","3694733","HauntedHamHat","1000.00000","2","0","0.00000","1"
"1442","3726671","the Dawktur","1024.76704","1","1","100.00000","1"
"1443","3708966","WoodenTwig","1000.00000","1","0","0.00000","1"
"1444","3709422","Wuffie","1000.00000","1","0","0.00000","1"
"1445","3696106","spacetime","1000.00000","1","0","0.00000","1"
"1446","3694381","m8sdate","1000.00000","1","0","0.00000","1"
"1462","3734186","sudzoof","1161.58843","39","24","61.53846","1"
"1465","3796270","witchhhunt","1069.43678","13","7","53.84615","1"
"1466","3801053","Taltouccan","1052.83174","6","4","66.66667","1"
"1467","3729631","Latedge","1109.42863","37","21","56.75676","1"
"1468","3699127","Leerx","1176.76542","49","30","61.22449","1"
"1469","3754977","Magicmarina","1407.13968","127","89","70.07874","1"
"1470","3744197","Zenon","1057.70560","30","16","53.33333","1"
"1471","3700745","Bald Baby","1004.81483","4","2","50.00000","1"
"1472","3698809","HoofHeroo","1009.24146","11","5","45.45455","1"
"1473","1241951","valentLne","1012.26000","3","1","33.33333","1"
"1474","4052066","Casual-ty","1216.17936","131","84","64.12214","1"
"1475","3741256","lyNAx","1323.64792","101","71","70.29703","1"
"1476","3730171","AZATHOTHcupcakes","1017.06448","7","3","42.85714","1"
"1477","3740225","NoWay","1116.93993","37","21","56.75676","1"
"1478","3801455","evil mutated","1000.00000","6","2","33.33333","1"
"1479","3800942","Avalon","1024.88415","23","11","47.82609","1"
"1480","3324603","ayden vikki","1295.80207","76","47","61.84211","1"
"1481","3694427","aisaacc","1014.05958","24","10","41.66667","1"
"1482","3701513","olistepsforward","1000.00000","5","1","20.00000","1"
"1483","3767778","HandyBoy","1000.00000","5","1","20.00000","1"
"1484","3729094","Sparky1j","1000.00000","2","0","0.00000","1"
"1485","3761148","MrBoltun","1168.84865","93","52","55.91398","1"
"1486","3801055","InfiniteNomad","1203.98148","63","39","61.90476","1"
"1487","3784070","Namaki","1004.74597","3","1","33.33333","1"
"1488","2813093","Radace","1000.00000","7","0","0.00000","1"
"1489","3754473","kip","1000.00000","2","0","0.00000","1"
"1490","3762607","whydoieven","1000.00000","2","0","0.00000","1"
"1491","3756602","SeagullHQ","1003.80603","11","3","27.27273","1"
"1492","3787251","Comprenale","1000.00000","16","6","37.50000","1"
"1493","3801114","BC_Pants","1000.00000","1","0","0.00000","1"
"1494","3736034","seabass","1000.00000","2","0","0.00000","1"
"1495","3743731","Esa","1000.00000","30","6","20.00000","1"
"1496","3753561","bargun","1058.30810","50","21","42.00000","1"
"1528","3810377","aqualillia","1051.50833","30","15","50.00000","1"
"1529","3818054","glopsy","1172.14593","41","25","60.97561","1"
"1530","3808465","BlackPirate","1022.79225","4","2","50.00000","1"
"1531","3806851","Thanksgiving Michael","1077.28952","17","10","58.82353","1"
"1532","3688647","Kagetaka447","1115.76867","50","26","52.00000","1"
"1533","3697188","Lexicon","1013.00932","4","2","50.00000","1"
"1534","3475918","SlabOfLime","1000.00000","6","2","33.33333","1"
"1535","3817928","Jesus H. Christ","1009.27284","9","2","22.22222","1"
"1536","3760125","Cris_Blu","1000.00000","2","0","0.00000","1"
"1537","3167142","KT_N00B","1000.00000","1","0","0.00000","1"
"1538","1487176","Grim","1000.00000","8","1","12.50000","1"
"1539","3577441","AlanMcTshirt","1000.00000","2","0","0.00000","1"
"1540","3819062","ValorLee","1003.06194","18","8","44.44444","1"
"1541","3807485","bucghat","1134.17378","49","24","48.97959","1"
"1542","3808811","tarcrat","1000.00000","2","0","0.00000","1"
"1543","3819540","Transparentdino","1000.00000","2","0","0.00000","1"
"1544","3817921","koi","1000.00000","4","0","0.00000","1"
"1545","3806840","Reader641","1004.47595","13","1","7.69231","1"
"1546","3819613","Sunnyyyy","1000.00000","4","0","0.00000","1"
"1559","3817708","FemboyddyHolly","1212.21306","72","43","59.72222","1"
"1560","3711057","Nines","1021.80080","17","8","47.05882","1"
"1561","3765458","NinjaLobster","1014.26552","3","1","33.33333","1"
"1562","3758379","Utter Bastard","1000.00000","4","2","50.00000","1"
"1563","3859031","Cat Buddha","1011.28584","4","2","50.00000","1"
"1564","3806963","Trace","1044.00587","50","25","50.00000","1"
"1565","3760998","Vek010","1035.06898","10","2","20.00000","1"
"1566","3740167","JulianXL","1000.00000","3","0","0.00000","1"
"1567","2989116","KingdomOfezzy","1000.00000","1","0","0.00000","1"
"1568","845159","ChuckV107","1000.00000","2","0","0.00000","1"
"1569","3807637","tiggerthani","1000.00000","7","1","14.28571","1"
"1570","3829795","noellium","1000.00000","1","0","0.00000","1"
"1571","3806980","AlkaAlka","1006.56431","4","1","25.00000","1"
"1574","3872072","VileRailer","1014.60448","7","3","42.85714","1"
"1575","3875992","OreoCraz","1334.76391","85","54","63.52941","1"
"1576","3793868","kokoHAAA","1124.05969","33","18","54.54545","1"
"1577","3730962","johnpubber38","1060.69624","26","13","50.00000","1"
"1578","3875950","SHARSHABIIL","1128.59660","38","21","55.26316","1"
"1579","3708696","The Fool","1000.00000","4","0","0.00000","1"
"1580","3876247","G1hadi","1000.00000","4","0","0.00000","1"
"1581","3695630","UnstableStrafe","1000.00000","11","1","9.09091","1"
"1582","3808379","cyn","1005.83505","11","3","27.27273","1"
"1589","3886819","Ultima_Pilot","1006.58143","6","2","33.33333","1"
"1590","3888199","ethicaldilemma","1000.00000","6","2","33.33333","1"
"1591","3696892","Nikorasu","1006.72655","3","1","33.33333","1"
"1592","3697930","Bestbuster2000","1074.54299","38","18","47.36842","1"
"1593","3761822","Sol","1004.09037","3","1","33.33333","1"
"1594","3888194","PleasantRailer","1000.00000","2","0","0.00000","1"
"1595","3730177","ADumbWeeb","1000.00000","2","0","0.00000","1"
"1596","3888055","SHARSHABIIL","1132.74356","21","12","57.14286","1"
"1597","3806906","WizardWithAnAxe","1019.48146","9","4","44.44444","1"
"1598","3698108","MicMat","1000.00000","1","0","0.00000","1"
"1599","3701831","BurpyIsCool","1007.41159","9","2","22.22222","1"
"1604","3907904","Chiloe-Chan","1019.47235","8","3","37.50000","1"
"1605","3381688","AquaIsUseless","1013.25368","3","1","33.33333","1"
"1606","3596191","aitrix","1000.82184","3","1","33.33333","1"
"1607","3919795","Azer","1013.85389","3","1","33.33333","1"
"1608","3694884","Millyy","1019.47020","3","1","33.33333","1"
"1609","3920646","JollyKnight","1017.57814","3","1","33.33333","1"
"1610","3758656","lkg","1079.11671","24","12","50.00000","1"
"1611","3861365","Tuwerp","1000.00000","4","0","0.00000","1"
"1612","3919507","Mr Mole","1008.00873","3","1","33.33333","1"
"1613","3920691","longhaul913","1000.00000","2","0","0.00000","1"
"1614","3700072","GOOP","1000.00000","12","1","8.33333","1"
"1615","3886555","Nikotoo","1000.00000","2","0","0.00000","1"
"1616","871967","Shovel","1000.00000","1","0","0.00000","1"
"1617","3872545","Reals","1000.00000","1","0","0.00000","1"
"1618","3893290","DishSoap","1000.00000","1","0","0.00000","1"
"1619","3582015","Byonyx","1007.64258","9","2","22.22222","1"
"1620","3921171","GameToPlay","1000.00000","1","0","0.00000","1"
"1635","3948117","JollyKnight","1082.19454","15","9","60.00000","1"
"1636","3819867","Blestanus","1301.88040","37","28","75.67568","1"
"1637","3491079","Blue_Fox","1044.49949","5","3","60.00000","1"
"1638","3944344","AAL ED","1107.60548","19","9","47.36842","1"
"1639","3944008","noblish","1000.00000","4","0","0.00000","1"
"1640","230711","Scribble","1000.00000","2","0","0.00000","1"
"1641","3944148","GentleM.Carbage","1088.19781","39","16","41.02564","1"
"1642","3945843","offbrand","1000.00000","2","0","0.00000","1"
"1643","2711694","Hath","1014.99162","3","1","33.33333","1"
"1644","3944029","Firecracker","1024.00000","2","1","50.00000","1"
"1645","3757424","Sundayy","1000.00000","2","0","0.00000","1"
"1646","3947052","bringanotebook","1003.48205","6","2","33.33333","1"
"1647","3945379","Mr Rice","1000.00000","6","1","16.66667","1"
"1648","3944165","Lux Kasandora","1000.00000","2","0","0.00000","1"
"1649","3720898","FENIX HUNTER","1000.00000","2","0","0.00000","1"
"1650","2905675","-Ohokk0-","1000.00000","2","0","0.00000","1"
"1651","3740836","peron","1000.00000","1","0","0.00000","1"
"1652","3946902","STAR","1000.00000","4","0","0.00000","1"
"1666","3978236","Mortalbacteria","1000.00000","5","1","20.00000","1"
"1667","3759074","Askz12345","1013.25023","3","1","33.33333","1"
"1668","3985667","A-O-I","1083.19346","10","6","60.00000","1"
"1669","2509363","Jank City","1039.09364","17","7","41.17647","1"
"1670","3690204","Aorping","1000.00000","2","0","0.00000","1"
"1671","1359977","OmanΩ","1000.00000","10","2","20.00000","1"
"1672","3738211","Fertsa","1000.00000","3","1","33.33333","1"
"1673","3831012","Tybpxbzn","1000.00000","2","0","0.00000","1"
"1674","3986753","Aotoo","1000.00000","12","2","16.66667","1"
"1675","3986728","AFKO","1000.00000","2","0","0.00000","1"
"1676","3741520","EuEth","1000.00000","2","0","0.00000","1"
"1677","3693709","vxRamZ","1000.00000","2","0","0.00000","1"
"1678","3193088","oliwier7778","1000.00000","2","0","0.00000","1"
"1679","3931566","BeanToaster","1000.00000","2","0","0.00000","1"
"1680","3988568","_colix_","1000.00000","1","0","0.00000","1"
"1697","3697490","Arcalis","1003.79345","6","2","33.33333","1"
"1698","3955145","DiegoLOL546","1067.71337","27","13","48.14815","1"
"1699","4005008","SinnerTokioGhuul","1004.45893","6","2","33.33333","1"
"1700","3888302","Drakath V.","1010.55034","3","1","33.33333","1"
"1701","1010007","Kira","1024.00000","2","1","50.00000","1"
"1702","3945380","Puu Onmawinky","1000.00000","4","0","0.00000","1"
"1703","3830647","bungtheshikigami","1014.25369","5","1","20.00000","1"
"1704","3754983","Kimbow231","1000.00000","2","0","0.00000","1"
"1712","4007758","NonBinaryRobot","1002.20345","11","3","27.27273","1"
"1713","3349164","MaybeZach","1045.62954","12","7","58.33333","1"
"1714","4020791","stellarsaid","1053.69962","2","2","100.00000","1"
"1715","4007851","Jingo","1037.58022","4","2","50.00000","1"
"1716","4017751","Karabasc","1000.00000","5","1","20.00000","1"
"1717","4016180","Xemshine","1056.81202","30","11","36.66667","1"
"1718","3733392","Hyper","1000.00000","6","2","33.33333","1"
"1719","4020721","AirF1Air","1002.26378","3","1","33.33333","1"
"1720","4016205","Espresso!","1015.75794","3","1","33.33333","1"
"1721","3930264","Melon","1000.00000","1","0","0.00000","1"
"1722","3753938","Arotio","1000.00000","3","0","0.00000","1"
"1723","4019005","ilodino2000","1000.00000","2","0","0.00000","1"
"1724","3713365","Pigeon","1012.77110","16","2","12.50000","1"
"1728","4049841","OdIn","1028.22262","4","2","50.00000","1"
"1729","3893587","GeraldLoveMyWife55","1015.00730","4","2","50.00000","1"
"1730","45574","Aether","1031.01517","4","2","50.00000","1"
"1731","3977832","soup","1018.38788","7","3","42.85714","1"
"1732","4048198","Meatball freak","1056.62796","27","14","51.85185","1"
"1733","4050618","jim","1009.83532","3","1","33.33333","1"
"1734","3886814","Epicjeong","1016.28614","5","1","20.00000","1"
"1735","3698883","5390845","1000.00000","2","0","0.00000","1"
"1736","4052429","kotamine","1070.14499","39","17","43.58974","1"
"1743","3678630","Craftingchicken07","1047.39833","5","3","60.00000","1"
"1744","3987616","Tyronetheduck1","1012.18138","4","2","50.00000","1"
"1745","4067188","Magneter","1009.26657","15","3","20.00000","1"
"1746","3684180","KJwhy","1013.08385","3","1","33.33333","1"
"1747","4064155","Hanikon","1006.17748","3","1","33.33333","1"
"1748","3694584","Hardy3000","1000.00000","5","1","20.00000","1"
"1749","4037023","FireM64","1009.71725","3","1","33.33333","1"
"1750","4063527","0013","1029.97597","10","4","40.00000","1"
"1751","4064673","Lnorfy","1009.59731","11","3","27.27273","1"
"1752","4064189","TalentlessMoon","1000.00000","2","0","0.00000","1"
"1758","4074989","MrMurple","1007.46508","7","1","14.28571","1"
"1759","4078431","Misteater","1000.00000","3","1","33.33333","1"
"1760","3696286","LosttDestiny","1000.00000","2","0","0.00000","1"
"1761","4074292","Scooba","1000.00000","3","0","0.00000","1"
"1762","3948878","Hinawasss","1000.00000","2","0","0.00000","1"
"1766","4103400","10TD","1079.46769","10","6","60.00000","1"
"1767","4101122","Lupi 0 o 0","1018.71583","4","2","50.00000","1"
"1768","4148428","Jeremy","1025.76089","7","3","42.85714","1"
"1769","4063617","Arum95099","1004.83009","3","1","33.33333","1"
"1770","4148618","thanksgiving michael","1000.00000","2","0","0.00000","1"
"1773","3753527","Savant","1047.33795","4","2","50.00000","1"
"1774","3378532","Jello","1045.05280","1","1","100.00000","1"
"1775","4160080","OneHitTalon","1000.00000","1","0","0.00000","1"
"1776","3785266","Las Kerfuffle","1000.00000","2","0","0.00000","1"
"1780","4168569","Racism Incarnate","1116.27666","18","10","55.55556","1"
"1781","4193470",":Archvile:","1021.36199","9","4","44.44444","1"
"1782","3694478","Mac457","1000.00000","2","0","0.00000","1"
"1783","3753009","KolyaOlesov","1000.00000","2","0","0.00000","1"
"1784","4187643","Rewind","1016.38294","3","1","33.33333","1"
"1785","4006507","Discordo","1048.69744","18","8","44.44444","1"
"1786","4168706","Bob","1085.34872","19","11","57.89474","1"
"1787","4194636","Dreiza","1000.00000","2","0","0.00000","1"
"1788","4087060","Sooty_V1","1000.00000","2","0","0.00000","1"
"1789","4193839","bachelor","1000.00000","4","0","0.00000","1"
"1790","4171300","Cattosmcgoe","1000.00000","1","0","0.00000","1"
"1795","4214911","SeeVeeD33","1075.09425","5","3","60.00000","1"
"1796","4132553","DynamighTTT","1005.59266","3","1","33.33333","1"
"1797","3761105","Pyroman","1000.00000","2","0","0.00000","1"
"1798","4075555","yizhiii","1029.39469","9","3","33.33333","1"
"1799","4220484","AlanStryman","1000.00000","4","0","0.00000","1"
"1802","4223754","Pete","1046.67255","8","4","50.00000","1"
"1803","4259045","marcechow","1042.28262","5","3","60.00000","1"
"1804","4259557","Shrumbo","1017.67036","4","2","50.00000","1"
"1805","4260046","SilverFox","1011.30325","3","1","33.33333","1"
"1806","4214909","Rustable","1012.95324","3","1","33.33333","1"
"1807","4230471","Graknight","1016.71947","4","2","50.00000","1"
"1808","4259992","Kuapastok","1013.20300","3","1","33.33333","1"
"1809","4224461","Umbra","1061.86126","16","8","50.00000","1"
"1810","4236538","aiden45","1000.00000","2","0","0.00000","1"
"1811","3702007","Prisma","1000.41934","3","1","33.33333","1"
"1812","4236537","sans","1002.32476","3","1","33.33333","1"
"1813","4259929","WynExplode","1007.54632","3","1","33.33333","1"
"1814","1027356","The_Banner_","1018.43772","2","1","50.00000","1"
"1815","4257565","Boomerz","1019.17928","2","1","50.00000","1"
"1816","4065028","Zonespace","1000.00000","2","0","0.00000","1"
"1817","4260518","OneHitTalon","1000.00000","4","0","0.00000","1"
"1833","4217769","Another Day","1011.90807","3","1","33.33333","1"
"1834","4274631","Mush","1000.00000","2","0","0.00000","1"
"1835","4290229","null","1000.00000","2","0","0.00000","1"
"1836","4288159","Floor","1000.00000","1","0","0.00000","1"
"1841","4214907","Moxie","1019.42975","9","3","33.33333","1"
"1842","4354103","Politecat","1000.00000","6","2","33.33333","1"
"1843","4303728","KsopGrimm","1054.90633","16","8","50.00000","1"
"1844","4389702","YourLocalMarcz","1000.00000","3","1","33.33333","1"
"1845","4389737","lain","1007.07688","4","2","50.00000","1"
"1846","4340094","Name","1015.27743","2","1","50.00000","1"
"1847","4389725","Casey_9","1000.00000","2","0","0.00000","1"
"1848","4383028","Urchin_fungus78","1000.00000","2","0","0.00000","1"
"1849","3754262","Ramzasaurus","1000.00000","2","0","0.00000","1"
"1850","4389716","__cut__","1000.00000","2","0","0.00000","1"
"1851","3809410","pbarry30","1000.00000","2","0","0.00000","1"
"1852","4387529","DevonNOG","1000.00000","1","0","0.00000","1"
"1853","4387274","TheT2","1000.00000","1","0","0.00000","1"
"1856","4188827","épices","1025.21643","4","2","50.00000","1"
"1857","4389405","Nujabes_TC","1000.00000","2","0","0.00000","1"
"1858","4160175","loudbraindude","1000.00000","2","0","0.00000","1"
"1859","2777695","radialhex","1000.00000","2","0","0.00000","1"
"1860","4396751","Reaver","1000.00000","2","0","0.00000","1"
"1861","4387550","MenuMinyu","1000.00000","4","0","0.00000","1"
"1862","4398231","antinatidae","1000.00000","7","1","14.28571","1"
"1863","4396568","Joklow","1000.00000","3","0","0.00000","1"
"1864","4157826","curlyfries","1000.00000","2","0","0.00000","1"
"1871","4400664","ZaMfy.","1020.64317","3","1","33.33333","1"
"1872","3134963","TwoTimesJ","1000.00000","2","0","0.00000","1"
"1873","3471355","ZeroNebula","1000.00000","2","0","0.00000","1"
"1874","3723787","Palerite","1006.32136","3","1","33.33333","1"
"1875","4411012","DerpyBoi","1000.00000","2","0","0.00000","1"
"1876","4053900","Dumbinic","1000.00000","2","0","0.00000","1"
"1877","4406610","Fifth","1000.00000","2","0","0.00000","1"
"1878","4403703","kuchinohanabi","1000.00000","2","0","0.00000","1"
"1879","4411158","Subtle","1000.00000","2","0","0.00000","1"
"1881","4423255","Heavensong","1000.00000","2","0","0.00000","1"
"1882","4383095","zahariur","1000.00000","2","0","0.00000","1"
"1883","4272670","peggle_gaming","1000.00000","1","0","0.00000","1"